,loss,accuracy,val_loss,val_accuracy
0,0.41311001777648926,0.817552924156189,0.7683191895484924,0.7406779527664185
1,0.27326688170433044,0.8867271542549133,0.5146306157112122,0.7525423765182495
2,0.27453434467315674,0.8858624696731567,0.39721783995628357,0.8067796230316162
3,0.24258273839950562,0.9035884141921997,0.12787117063999176,0.9610169529914856
4,0.252243310213089,0.8966709971427917,89.22866821289062,0.4067796468734741
5,0.2576318085193634,0.900562047958374,0.15785038471221924,0.9457626938819885
6,0.22813035547733307,0.9092087745666504,0.17353664338588715,0.9491525292396545
7,0.20917066931724548,0.9206658005714417,0.1496647745370865,0.9406779408454895
8,0.1904648095369339,0.9277993440628052,0.13048842549324036,0.9593220353126526
